day_index,date_list,month_id,weekday_name,is_weekend,is_sunday,is_long_trip,need_precharge,need_sunday_charge,distance_km,long_extra_km,drive_energy_kWh,drive_SOC_drop,SOC_init_col,SOC_trigger_col,SOC_min_col,SOC_target_col,SOC_long_col
1,2025-01-01,1,Wed,0,0,0,0,0,31.0824462580699,0,4.66236693871049,0.0745978710193678,0.9,0.4,0.2,0.9,1
2,2025-01-02,1,Thu,0,0,0,0,0,38.4381145422716,0,5.76571718134074,0.0922514749014518,0.9,0.4,0.2,0.9,1
3,2025-01-03,1,Fri,0,0,0,0,0,37.3699457167131,0,5.60549185750696,0.0896878697201114,0.9,0.4,0.2,0.9,1
4,2025-01-04,1,Sat,1,0,0,0,0,22.6898882426085,0,3.40348323639127,0.0544557317822603,0.9,0.4,0.2,0.9,1
5,2025-01-05,1,Sun,1,1,0,0,1,15.8401044225907,0,2.3760156633886,0.0380162506142177,0.9,0.4,0.2,0.9,1
6,2025-01-06,1,Mon,0,0,0,0,0,34.3115013457895,0,5.14672520186843,0.0823476032298948,0.9,0.4,0.2,0.9,1
7,2025-01-07,1,Tue,0,0,0,0,0,32.9218537665661,0,4.93827806498492,0.0790124490397587,0.9,0.4,0.2,0.9,1
8,2025-01-08,1,Wed,0,0,0,0,0,33.0166154784873,0,4.95249232177309,0.0792398771483695,0.9,0.4,0.2,0.9,1
9,2025-01-09,1,Thu,0,0,0,0,0,37.3283808278359,0,5.59925712417539,0.0895881139868062,0.9,0.4,0.2,0.9,1
10,2025-01-10,1,Fri,0,0,0,0,0,34.9568689889671,0,5.24353034834507,0.0838964855735211,0.9,0.4,0.2,0.9,1
11,2025-01-11,1,Sat,1,0,0,1,0,22.7750961827983,0,3.41626442741975,0.054660230838716,0.9,0.4,0.2,0.9,1
12,2025-01-12,1,Sun,1,1,1,0,1,114.499599891745,92,17.1749399837618,0.274799039740188,0.9,0.4,0.2,0.9,1
13,2025-01-13,1,Mon,0,0,0,0,0,42.8858772601148,0,6.43288158901721,0.102926105424275,0.9,0.4,0.2,0.9,1
14,2025-01-14,1,Tue,0,0,0,0,0,37.8107998388101,0,5.67161997582151,0.0907459196131442,0.9,0.4,0.2,0.9,1
15,2025-01-15,1,Wed,0,0,0,0,0,34.7174875132477,0,5.20762312698716,0.0833219700317946,0.9,0.4,0.2,0.9,1
16,2025-01-16,1,Thu,0,0,0,0,0,37.797305332784,0,5.6695957999176,0.0907135327986816,0.9,0.4,0.2,0.9,1
17,2025-01-17,1,Fri,0,0,0,1,0,29.8993856176809,0,4.48490784265214,0.0717585254824342,0.9,0.4,0.2,0.9,1
18,2025-01-18,1,Sat,1,0,1,0,0,197.320225312178,180,29.5980337968268,0.473568540749228,0.9,0.4,0.2,0.9,1
19,2025-01-19,1,Sun,1,1,0,0,1,19.7794432665093,0,2.9669164899764,0.0474706638396223,0.9,0.4,0.2,0.9,1
20,2025-01-20,1,Mon,0,0,0,0,0,37.4527517535424,0,5.61791276303136,0.0898866042085018,0.9,0.4,0.2,0.9,1
21,2025-01-21,1,Tue,0,0,0,0,0,32.4770418437996,0,4.87155627656994,0.077944900425119,0.9,0.4,0.2,0.9,1
22,2025-01-22,1,Wed,0,0,0,0,0,36.5443425259764,0,5.48165137889647,0.0877064220623435,0.9,0.4,0.2,0.9,1
23,2025-01-23,1,Thu,0,0,0,0,0,37.0257477523324,0,5.55386216284986,0.0888617946055978,0.9,0.4,0.2,0.9,1
24,2025-01-24,1,Fri,0,0,0,0,0,34.0376786353603,0,5.10565179530405,0.0816904287248647,0.9,0.4,0.2,0.9,1
25,2025-01-25,1,Sat,1,0,0,0,0,21.750387420824,0,3.26255811312359,0.0522009298099775,0.9,0.4,0.2,0.9,1
26,2025-01-26,1,Sun,1,1,0,0,1,22.4286998839305,0,3.36430498258957,0.0538288797214332,0.9,0.4,0.2,0.9,1
27,2025-01-27,1,Mon,0,0,0,0,0,33.2487132260587,0,4.98730698390881,0.0797969117425409,0.9,0.4,0.2,0.9,1
28,2025-01-28,1,Tue,0,0,0,0,0,36.33641476285,0,5.4504622144275,0.08720739543084,0.9,0.4,0.2,0.9,1
29,2025-01-29,1,Wed,0,0,0,0,0,40.9858448418443,0,6.14787672627665,0.0983660276204264,0.9,0.4,0.2,0.9,1
30,2025-01-30,1,Thu,0,0,0,0,0,34.1883863096697,0,5.12825794645046,0.0820521271432073,0.9,0.4,0.2,0.9,1
31,2025-01-31,1,Fri,0,0,0,0,0,27.0156269475418,0,4.05234404213128,0.0648375046741004,0.9,0.4,0.2,0.9,1
32,2025-02-01,2,Sat,1,0,0,0,0,18.6670492852746,0,2.80005739279119,0.0448009182846591,0.9,0.4,0.2,0.9,1
33,2025-02-02,2,Sun,1,1,0,0,1,16.5033539465824,0,2.47550309198736,0.0396080494717978,0.9,0.4,0.2,0.9,1
34,2025-02-03,2,Mon,0,0,0,0,0,39.5108101787178,0,5.92662152680767,0.0948259444289228,0.9,0.4,0.2,0.9,1
35,2025-02-04,2,Tue,0,0,0,0,0,39.4173692743516,0,5.91260539115274,0.0946016862584439,0.9,0.4,0.2,0.9,1
36,2025-02-05,2,Wed,0,0,0,0,0,32.5578431340181,0,4.88367647010272,0.0781388235216435,0.9,0.4,0.2,0.9,1
37,2025-02-06,2,Thu,0,0,0,0,0,35.2001153412996,0,5.28001730119494,0.084480276819119,0.9,0.4,0.2,0.9,1
38,2025-02-07,2,Fri,0,0,0,0,0,32.866891839199,0,4.93003377587984,0.0788805404140775,0.9,0.4,0.2,0.9,1
39,2025-02-08,2,Sat,1,0,0,1,0,17.5483217111632,0,2.63224825667448,0.0421159721067917,0.9,0.4,0.2,0.9,1
40,2025-02-09,2,Sun,1,1,1,0,1,195.215350573676,170,29.2823025860515,0.468516841376823,0.9,0.4,0.2,0.9,1
41,2025-02-10,2,Mon,0,0,0,0,0,32.8027811378354,0,4.9204171706753,0.0787266747308049,0.9,0.4,0.2,0.9,1
42,2025-02-11,2,Tue,0,0,0,0,0,33.144340270991,0,4.97165104064864,0.0795464166503783,0.9,0.4,0.2,0.9,1
43,2025-02-12,2,Wed,0,0,0,0,0,37.8677734649487,0,5.68016601974231,0.090882656315877,0.9,0.4,0.2,0.9,1
44,2025-02-13,2,Thu,0,0,0,0,0,35.1963493911743,0,5.27945240867614,0.0844712385388182,0.9,0.4,0.2,0.9,1
45,2025-02-14,2,Fri,0,0,0,1,0,39.3928804066032,0,5.90893206099048,0.0945429129758476,0.9,0.4,0.2,0.9,1
46,2025-02-15,2,Sat,1,0,1,0,0,119.508868462171,104,17.9263302693256,0.28682128430921,0.9,0.4,0.2,0.9,1
47,2025-02-16,2,Sun,1,1,0,0,1,19.9689808201433,0,2.9953471230215,0.047925553968344,0.9,0.4,0.2,0.9,1
48,2025-02-17,2,Mon,0,0,0,0,0,23.9343852622844,0,3.59015778934266,0.0574425246294825,0.9,0.4,0.2,0.9,1
49,2025-02-18,2,Tue,0,0,0,0,0,34.6747858935232,0,5.20121788402848,0.0832194861444556,0.9,0.4,0.2,0.9,1
50,2025-02-19,2,Wed,0,0,0,0,0,39.3899891885367,0,5.90849837828051,0.0945359740524882,0.9,0.4,0.2,0.9,1
51,2025-02-20,2,Thu,0,0,0,0,0,39.5419769568936,0,5.93129654353403,0.0949007446965446,0.9,0.4,0.2,0.9,1
52,2025-02-21,2,Fri,0,0,0,0,0,33.5238325167504,0,5.02857487751256,0.080457198040201,0.9,0.4,0.2,0.9,1
53,2025-02-22,2,Sat,1,0,0,0,0,18.6004081684815,0,2.79006122527222,0.0446409796043556,0.9,0.4,0.2,0.9,1
54,2025-02-23,2,Sun,1,1,0,0,1,24.5060258081093,0,3.6759038712164,0.0588144619394624,0.9,0.4,0.2,0.9,1
55,2025-02-24,2,Mon,0,0,0,0,0,37.6510562864852,0,5.64765844297277,0.0903625350875644,0.9,0.4,0.2,0.9,1
56,2025-02-25,2,Tue,0,0,0,0,0,34.9929089001907,0,5.24893633502861,0.0839829813604577,0.9,0.4,0.2,0.9,1
57,2025-02-26,2,Wed,0,0,0,0,0,36.9981827831543,0,5.54972741747314,0.0887956386795703,0.9,0.4,0.2,0.9,1
58,2025-02-27,2,Thu,0,0,0,0,0,41.4904193691367,0,6.22356290537051,0.0995770064859282,0.9,0.4,0.2,0.9,1
59,2025-02-28,2,Fri,0,0,0,0,0,34.9123497051871,0,5.23685245577806,0.0837896392924489,0.9,0.4,0.2,0.9,1
60,2025-03-01,3,Sat,1,0,0,0,0,24.9725487464494,0,3.74588231196741,0.0599341169914786,0.9,0.4,0.2,0.9,1
61,2025-03-02,3,Sun,1,1,0,0,1,18.1337216949106,0,2.72005825423659,0.0435209320677854,0.9,0.4,0.2,0.9,1
62,2025-03-03,3,Mon,0,0,0,0,0,44.5246873478582,0,6.67870310217873,0.10685924963486,0.9,0.4,0.2,0.9,1
63,2025-03-04,3,Tue,0,0,0,0,0,31.4868021359855,0,4.72302032039783,0.0755683251263653,0.9,0.4,0.2,0.9,1
64,2025-03-05,3,Wed,0,0,0,0,0,34.4814734548145,0,5.17222101822218,0.0827555362915548,0.9,0.4,0.2,0.9,1
65,2025-03-06,3,Thu,0,0,0,0,0,31.9492835694428,0,4.79239253541642,0.0766782805666627,0.9,0.4,0.2,0.9,1
66,2025-03-07,3,Fri,0,0,0,0,0,35.166438461531,0,5.27496576922966,0.0843994523076745,0.9,0.4,0.2,0.9,1
67,2025-03-08,3,Sat,1,0,0,1,0,21.2896293449512,0,3.19344440174268,0.0510951104278828,0.9,0.4,0.2,0.9,1
68,2025-03-09,3,Sun,1,1,1,0,1,136.370798958788,117,20.4556198438182,0.327289917501091,0.9,0.4,0.2,0.9,1
69,2025-03-10,3,Mon,0,0,0,0,0,36.0759826449976,0,5.41139739674964,0.0865823583479943,0.9,0.4,0.2,0.9,1
70,2025-03-11,3,Tue,0,0,0,0,0,41.3912299778444,0,6.20868449667666,0.0993389519468266,0.9,0.4,0.2,0.9,1
71,2025-03-12,3,Wed,0,0,0,0,0,29.3040852359518,0,4.39561278539277,0.0703298045662844,0.9,0.4,0.2,0.9,1
72,2025-03-13,3,Thu,0,0,0,0,0,33.9002336155459,0,5.08503504233189,0.0813605606773103,0.9,0.4,0.2,0.9,1
73,2025-03-14,3,Fri,0,0,0,1,0,33.378203039534,0,5.00673045593011,0.0801076872948817,0.9,0.4,0.2,0.9,1
74,2025-03-15,3,Sat,1,0,1,0,0,154.496059770875,132,23.1744089656312,0.370790543450099,0.9,0.4,0.2,0.9,1
75,2025-03-16,3,Sun,1,1,0,0,1,16.1715431618115,0,2.42573147427172,0.0388117035883476,0.9,0.4,0.2,0.9,1
76,2025-03-17,3,Mon,0,0,0,0,0,42.2974391786118,0,6.34461587679177,0.101513854028668,0.9,0.4,0.2,0.9,1
77,2025-03-18,3,Tue,0,0,0,0,0,39.5670023028677,0,5.93505034543016,0.0949608055268825,0.9,0.4,0.2,0.9,1
78,2025-03-19,3,Wed,0,0,0,0,0,31.4736077460793,0,4.7210411619119,0.0755366585905903,0.9,0.4,0.2,0.9,1
79,2025-03-20,3,Thu,0,0,0,0,0,39.7294353826012,0,5.95941530739017,0.0953506449182428,0.9,0.4,0.2,0.9,1
80,2025-03-21,3,Fri,0,0,0,0,0,34.4276727504594,0,5.16415091256891,0.0826264146011026,0.9,0.4,0.2,0.9,1
81,2025-03-22,3,Sat,1,0,0,0,0,16.0374492111233,0,2.4056173816685,0.0384898781066959,0.9,0.4,0.2,0.9,1
82,2025-03-23,3,Sun,1,1,0,0,1,24.0302072922336,0,3.60453109383504,0.0576724975013606,0.9,0.4,0.2,0.9,1
83,2025-03-24,3,Mon,0,0,0,0,0,33.379152842532,0,5.00687292637979,0.0801099668220767,0.9,0.4,0.2,0.9,1
84,2025-03-25,3,Tue,0,0,0,0,0,36.5303691114894,0,5.4795553667234,0.0876728858675744,0.9,0.4,0.2,0.9,1
85,2025-03-26,3,Wed,0,0,0,0,0,33.8913655048786,0,5.08370482573179,0.0813392772117086,0.9,0.4,0.2,0.9,1
86,2025-03-27,3,Thu,0,0,0,0,0,45.2893887591108,0,6.79340831386662,0.108694533021866,0.9,0.4,0.2,0.9,1
87,2025-03-28,3,Fri,0,0,0,0,0,38.106557744034,0,5.7159836616051,0.0914557385856816,0.9,0.4,0.2,0.9,1
88,2025-03-29,3,Sat,1,0,0,0,0,19.1348380765217,0,2.87022571147826,0.0459236113836522,0.9,0.4,0.2,0.9,1
89,2025-03-30,3,Sun,1,1,0,0,1,18.5163450614758,0,2.77745175922136,0.0444392281475418,0.9,0.4,0.2,0.9,1
90,2025-03-31,3,Mon,0,0,0,0,0,42.4919537618309,0,6.37379306427463,0.101980689028394,0.9,0.4,0.2,0.9,1
91,2025-04-01,4,Tue,0,0,0,0,0,41.8092677209126,0,6.27139015813689,0.10034224253019,0.9,0.4,0.2,0.9,1
92,2025-04-02,4,Wed,0,0,0,0,0,31.2832922597521,0,4.69249383896282,0.0750799014234051,0.9,0.4,0.2,0.9,1
93,2025-04-03,4,Thu,0,0,0,0,0,34.2122212714544,0,5.13183319071816,0.0821093310514905,0.9,0.4,0.2,0.9,1
94,2025-04-04,4,Fri,0,0,0,1,0,36.5317283417082,0,5.47975925125623,0.0876761480200997,0.9,0.4,0.2,0.9,1
95,2025-04-05,4,Sat,1,0,1,0,0,115.540856604288,97,17.3311284906431,0.27729805585029,0.9,0.4,0.2,0.9,1
96,2025-04-06,4,Sun,1,1,0,0,1,19.4709769472604,0,2.92064654208906,0.0467303446734249,0.9,0.4,0.2,0.9,1
97,2025-04-07,4,Mon,0,0,0,0,0,36.1376402357268,0,5.42064603535901,0.0867303365657442,0.9,0.4,0.2,0.9,1
98,2025-04-08,4,Tue,0,0,0,0,0,34.0665181711052,0,5.10997772566578,0.0817596436106525,0.9,0.4,0.2,0.9,1
99,2025-04-09,4,Wed,0,0,0,0,0,35.4837870098994,0,5.32256805148491,0.0851610888237586,0.9,0.4,0.2,0.9,1
100,2025-04-10,4,Thu,0,0,0,0,0,37.269316026304,0,5.5903974039456,0.0894463584631296,0.9,0.4,0.2,0.9,1
101,2025-04-11,4,Fri,0,0,0,0,0,38.6460658054698,0,5.79690987082046,0.0927505579331274,0.9,0.4,0.2,0.9,1
102,2025-04-12,4,Sat,1,0,0,0,0,19.7384113751835,0,2.96076170627752,0.0473721873004403,0.9,0.4,0.2,0.9,1
103,2025-04-13,4,Sun,1,1,0,0,1,16.6386163897527,0,2.4957924584629,0.0399326793354064,0.9,0.4,0.2,0.9,1
104,2025-04-14,4,Mon,0,0,0,0,0,33.6264444281436,0,5.04396666422154,0.0807034666275446,0.9,0.4,0.2,0.9,1
105,2025-04-15,4,Tue,0,0,0,0,0,31.1235601885778,0,4.66853402828667,0.0746965444525867,0.9,0.4,0.2,0.9,1
106,2025-04-16,4,Wed,0,0,0,0,0,37.9484324313355,0,5.69226486470032,0.0910762378352051,0.9,0.4,0.2,0.9,1
107,2025-04-17,4,Thu,0,0,0,0,0,32.5890215566084,0,4.88835323349126,0.0782136517358601,0.9,0.4,0.2,0.9,1
108,2025-04-18,4,Fri,0,0,0,0,0,32.0672844663297,0,4.81009266994945,0.0769614827191912,0.9,0.4,0.2,0.9,1
109,2025-04-19,4,Sat,1,0,0,1,0,14.1325433030742,0,2.11988149546114,0.0339181039273782,0.9,0.4,0.2,0.9,1
110,2025-04-20,4,Sun,1,1,1,0,1,136.926358762595,115,20.5389538143892,0.328623261030228,0.9,0.4,0.2,0.9,1
111,2025-04-21,4,Mon,0,0,0,0,0,39.4407319573547,0,5.91610979360321,0.0946577566976514,0.9,0.4,0.2,0.9,1
112,2025-04-22,4,Tue,0,0,0,0,0,27.9280115702709,0,4.18920173554063,0.0670272277686501,0.9,0.4,0.2,0.9,1
113,2025-04-23,4,Wed,0,0,0,0,0,31.0471550305687,0,4.6570732545853,0.0745131720733648,0.9,0.4,0.2,0.9,1
114,2025-04-24,4,Thu,0,0,0,0,0,34.785264210769,0,5.21778963161535,0.0834846341058455,0.9,0.4,0.2,0.9,1
115,2025-04-25,4,Fri,0,0,0,0,0,30.9835658649657,0,4.64753487974485,0.0743605580759176,0.9,0.4,0.2,0.9,1
116,2025-04-26,4,Sat,1,0,0,0,0,15.1299559795018,0,2.26949339692527,0.0363118943508043,0.9,0.4,0.2,0.9,1
117,2025-04-27,4,Sun,1,1,0,0,1,20.4213536294382,0,3.06320304441573,0.0490112487106516,0.9,0.4,0.2,0.9,1
118,2025-04-28,4,Mon,0,0,0,0,0,33.7577528477504,0,5.06366292716255,0.0810186068346009,0.9,0.4,0.2,0.9,1
119,2025-04-29,4,Tue,0,0,0,0,0,31.3537537974971,0,4.70306306962457,0.0752490091139931,0.9,0.4,0.2,0.9,1
120,2025-04-30,4,Wed,0,0,0,0,0,33.4668623257304,0,5.02002934885955,0.0803204695817529,0.9,0.4,0.2,0.9,1
121,2025-05-01,5,Thu,0,0,0,0,0,29.7575193380917,0,4.46362790071375,0.0714180464114201,0.9,0.4,0.2,0.9,1
122,2025-05-02,5,Fri,0,0,0,0,0,31.7800282469188,0,4.76700423703781,0.076272067792605,0.9,0.4,0.2,0.9,1
123,2025-05-03,5,Sat,1,0,0,0,0,17.7101051545873,0,2.6565157731881,0.0425042523710096,0.9,0.4,0.2,0.9,1
124,2025-05-04,5,Sun,1,1,0,0,1,17.3085940978416,0,2.59628911467624,0.0415406258348198,0.9,0.4,0.2,0.9,1
125,2025-05-05,5,Mon,0,0,0,0,0,30.9050781885099,0,4.63576172827648,0.0741721876524236,0.9,0.4,0.2,0.9,1
126,2025-05-06,5,Tue,0,0,0,0,0,30.2971917161572,0,4.54457875742357,0.0727132601187772,0.9,0.4,0.2,0.9,1
127,2025-05-07,5,Wed,0,0,0,0,0,40.3273449929178,0,6.04910174893767,0.0967856279830027,0.9,0.4,0.2,0.9,1
128,2025-05-08,5,Thu,0,0,0,0,0,35.6535679827992,0,5.34803519741988,0.0855685631587181,0.9,0.4,0.2,0.9,1
129,2025-05-09,5,Fri,0,0,0,0,0,34.4277499619911,0,5.16416249429866,0.0826265999087786,0.9,0.4,0.2,0.9,1
130,2025-05-10,5,Sat,1,0,0,0,0,22.6509108582282,0,3.39763662873424,0.0543621860597478,0.9,0.4,0.2,0.9,1
131,2025-05-11,5,Sun,1,1,0,0,1,18.5716695683003,0,2.78575043524504,0.0445720069639206,0.9,0.4,0.2,0.9,1
132,2025-05-12,5,Mon,0,0,0,0,0,32.3027511794312,0,4.84541267691469,0.077526602830635,0.9,0.4,0.2,0.9,1
133,2025-05-13,5,Tue,0,0,0,0,0,31.6987042804046,0,4.75480564206069,0.0760768902729711,0.9,0.4,0.2,0.9,1
134,2025-05-14,5,Wed,0,0,0,0,0,36.1478661574631,0,5.42217992361946,0.0867548787779114,0.9,0.4,0.2,0.9,1
135,2025-05-15,5,Thu,0,0,0,0,0,32.9889091969186,0,4.94833637953779,0.0791733820726046,0.9,0.4,0.2,0.9,1
136,2025-05-16,5,Fri,0,0,0,1,0,37.0867176842085,0,5.56300765263128,0.0890081224421004,0.9,0.4,0.2,0.9,1
137,2025-05-17,5,Sat,1,0,1,0,0,116.541854266566,92,17.4812781399849,0.279700450239758,0.9,0.4,0.2,0.9,1
138,2025-05-18,5,Sun,1,1,0,0,1,21.1962371783209,0,3.17943557674813,0.0508709692279701,0.9,0.4,0.2,0.9,1
139,2025-05-19,5,Mon,0,0,0,0,0,32.4105165292065,0,4.86157747938097,0.0777852396700955,0.9,0.4,0.2,0.9,1
140,2025-05-20,5,Tue,0,0,0,0,0,31.8776632101218,0,4.78164948151827,0.0765063917042923,0.9,0.4,0.2,0.9,1
141,2025-05-21,5,Wed,0,0,0,0,0,39.8878233032904,0,5.98317349549356,0.0957307759278969,0.9,0.4,0.2,0.9,1
142,2025-05-22,5,Thu,0,0,0,0,0,30.0688005159347,0,4.5103200773902,0.0721651212382432,0.9,0.4,0.2,0.9,1
143,2025-05-23,5,Fri,0,0,0,1,0,28.4674636470974,0,4.27011954706462,0.0683219127530339,0.9,0.4,0.2,0.9,1
144,2025-05-24,5,Sat,1,0,1,0,0,201.655076184929,180,30.2482614277394,0.48397218284383,0.9,0.4,0.2,0.9,1
145,2025-05-25,5,Sun,1,1,0,0,1,19.3929041105825,0,2.90893561658737,0.046542969865398,0.9,0.4,0.2,0.9,1
146,2025-05-26,5,Mon,0,0,0,0,0,36.617754893459,0,5.49266323401885,0.0878826117443016,0.9,0.4,0.2,0.9,1
147,2025-05-27,5,Tue,0,0,0,0,0,38.7801002659105,0,5.81701503988658,0.0930722406381853,0.9,0.4,0.2,0.9,1
148,2025-05-28,5,Wed,0,0,0,0,0,28.9733796493821,0,4.34600694740731,0.069536111158517,0.9,0.4,0.2,0.9,1
149,2025-05-29,5,Thu,0,0,0,0,0,26.4355753230591,0,3.96533629845886,0.0634453807753417,0.9,0.4,0.2,0.9,1
150,2025-05-30,5,Fri,0,0,0,0,0,33.5403918020236,0,5.03105877030354,0.0804969403248566,0.9,0.4,0.2,0.9,1
151,2025-05-31,5,Sat,1,0,0,0,0,21.1033409633558,0,3.16550114450337,0.0506480183120539,0.9,0.4,0.2,0.9,1
152,2025-06-01,6,Sun,1,1,0,0,1,22.9771170631685,0,3.44656755947527,0.0551450809516044,0.9,0.4,0.2,0.9,1
153,2025-06-02,6,Mon,0,0,0,0,0,35.0033281871006,0,5.25049922806509,0.0840079876490414,0.9,0.4,0.2,0.9,1
154,2025-06-03,6,Tue,0,0,0,0,0,39.0728163742885,0,5.86092245614327,0.0937747592982923,0.9,0.4,0.2,0.9,1
155,2025-06-04,6,Wed,0,0,0,0,0,36.2677723371802,0,5.44016585057703,0.0870426536092325,0.9,0.4,0.2,0.9,1
156,2025-06-05,6,Thu,0,0,0,0,0,31.2064227000486,0,4.68096340500729,0.0748954144801167,0.9,0.4,0.2,0.9,1
157,2025-06-06,6,Fri,0,0,0,1,0,35.8996497466888,0,5.38494746200332,0.0861591593920531,0.9,0.4,0.2,0.9,1
158,2025-06-07,6,Sat,1,0,1,0,0,164.873824461228,146,24.7310736691842,0.395697178706947,0.9,0.4,0.2,0.9,1
159,2025-06-08,6,Sun,1,1,0,0,1,26.4840655742988,0,3.97260983614482,0.0635617573783172,0.9,0.4,0.2,0.9,1
160,2025-06-09,6,Mon,0,0,0,0,0,34.2204205233781,0,5.13306307850671,0.0821290092561073,0.9,0.4,0.2,0.9,1
161,2025-06-10,6,Tue,0,0,0,0,0,33.7889366546309,0,5.06834049819463,0.081093447971114,0.9,0.4,0.2,0.9,1
162,2025-06-11,6,Wed,0,0,0,0,0,32.747602467346,0,4.9121403701019,0.0785942459216304,0.9,0.4,0.2,0.9,1
163,2025-06-12,6,Thu,0,0,0,0,0,40.6877954508662,0,6.10316931762993,0.0976507090820789,0.9,0.4,0.2,0.9,1
164,2025-06-13,6,Fri,0,0,0,0,0,30.8416647227914,0,4.62624970841871,0.0740199953346993,0.9,0.4,0.2,0.9,1
165,2025-06-14,6,Sat,1,0,0,0,0,19.9263567988392,0,2.98895351982588,0.047823256317214,0.9,0.4,0.2,0.9,1
166,2025-06-15,6,Sun,1,1,0,0,1,19.8240541794822,0,2.97360812692233,0.0475777300307574,0.9,0.4,0.2,0.9,1
167,2025-06-16,6,Mon,0,0,0,0,0,32.2897257882544,0,4.84345886823817,0.0774953418918107,0.9,0.4,0.2,0.9,1
168,2025-06-17,6,Tue,0,0,0,0,0,37.1562935366438,0,5.57344403049657,0.0891751044879451,0.9,0.4,0.2,0.9,1
169,2025-06-18,6,Wed,0,0,0,0,0,35.5467331632777,0,5.33200997449166,0.0853121595918665,0.9,0.4,0.2,0.9,1
170,2025-06-19,6,Thu,0,0,0,0,0,28.6892325531046,0,4.30338488296568,0.068854158127451,0.9,0.4,0.2,0.9,1
171,2025-06-20,6,Fri,0,0,0,1,0,35.6556585408574,0,5.34834878112861,0.0855735804980577,0.9,0.4,0.2,0.9,1
172,2025-06-21,6,Sat,1,0,1,0,0,124.686712614369,101,18.7030068921553,0.299248110274486,0.9,0.4,0.2,0.9,1
173,2025-06-22,6,Sun,1,1,0,0,1,24.4834269524437,0,3.67251404286656,0.058760224685865,0.9,0.4,0.2,0.9,1
174,2025-06-23,6,Mon,0,0,0,0,0,33.4698181462474,0,5.02047272193711,0.0803275635509938,0.9,0.4,0.2,0.9,1
175,2025-06-24,6,Tue,0,0,0,0,0,33.2481609948411,0,4.98722414922616,0.0797955863876185,0.9,0.4,0.2,0.9,1
176,2025-06-25,6,Wed,0,0,0,0,0,33.2880349110178,0,4.99320523665267,0.0798912837864428,0.9,0.4,0.2,0.9,1
177,2025-06-26,6,Thu,0,0,0,0,0,28.585598145537,0,4.28783972183056,0.0686054355492889,0.9,0.4,0.2,0.9,1
178,2025-06-27,6,Fri,0,0,0,0,0,37.1628115039074,0,5.57442172558611,0.0891907476093778,0.9,0.4,0.2,0.9,1
179,2025-06-28,6,Sat,1,0,0,0,0,16.6151994333066,0,2.49227991499599,0.0398764786399358,0.9,0.4,0.2,0.9,1
180,2025-06-29,6,Sun,1,1,0,0,1,20.1187460068011,0,3.01781190102017,0.0482849904163227,0.9,0.4,0.2,0.9,1
181,2025-06-30,6,Mon,0,0,0,0,0,33.3097003036992,0,4.99645504555488,0.0799432807288781,0.9,0.4,0.2,0.9,1
182,2025-07-01,7,Tue,0,0,0,0,0,34.9434500347963,0,5.24151750521944,0.0838642800835111,0.9,0.4,0.2,0.9,1
183,2025-07-02,7,Wed,0,0,0,0,0,28.0412532612221,0,4.20618798918331,0.067299007826933,0.9,0.4,0.2,0.9,1
184,2025-07-03,7,Thu,0,0,0,0,0,34.9122299524052,0,5.23683449286079,0.0837893518857726,0.9,0.4,0.2,0.9,1
185,2025-07-04,7,Fri,0,0,0,1,0,33.8484402035838,0,5.07726603053758,0.0812362564886012,0.9,0.4,0.2,0.9,1
186,2025-07-05,7,Sat,1,0,1,0,0,207.540250641,186,31.1310375961499,0.498096601538399,0.9,0.4,0.2,0.9,1
187,2025-07-06,7,Sun,1,1,0,0,1,18.3683393853409,0,2.75525090780113,0.0440840145248181,0.9,0.4,0.2,0.9,1
188,2025-07-07,7,Mon,0,0,0,0,0,37.8784671848434,0,5.68177007772651,0.0909083212436241,0.9,0.4,0.2,0.9,1
189,2025-07-08,7,Tue,0,0,0,0,0,32.8293519492552,0,4.92440279238828,0.0787904446782125,0.9,0.4,0.2,0.9,1
190,2025-07-09,7,Wed,0,0,0,0,0,37.7747130033545,0,5.66620695050318,0.0906593112080508,0.9,0.4,0.2,0.9,1
191,2025-07-10,7,Thu,0,0,0,0,0,34.9849829506073,0,5.24774744259109,0.0839639590814575,0.9,0.4,0.2,0.9,1
192,2025-07-11,7,Fri,0,0,0,0,0,38.7830449834189,0,5.81745674751283,0.0930793079602053,0.9,0.4,0.2,0.9,1
193,2025-07-12,7,Sat,1,0,0,0,0,22.8164277730722,0,3.42246416596082,0.0547594266553732,0.9,0.4,0.2,0.9,1
194,2025-07-13,7,Sun,1,1,0,0,1,24.6255354201817,0,3.69383031302725,0.059101285008436,0.9,0.4,0.2,0.9,1
195,2025-07-14,7,Mon,0,0,0,0,0,37.2786580864649,0,5.59179871296974,0.0894687794075158,0.9,0.4,0.2,0.9,1
196,2025-07-15,7,Tue,0,0,0,0,0,30.6695539745188,0,4.60043309617782,0.0736069295388452,0.9,0.4,0.2,0.9,1
197,2025-07-16,7,Wed,0,0,0,0,0,31.4980601825176,0,4.72470902737763,0.0755953444380421,0.9,0.4,0.2,0.9,1
198,2025-07-17,7,Thu,0,0,0,0,0,31.1868923501056,0,4.67803385251583,0.0748485416402533,0.9,0.4,0.2,0.9,1
199,2025-07-18,7,Fri,0,0,0,0,0,36.2240682603067,0,5.433610239046,0.086937763824736,0.9,0.4,0.2,0.9,1
200,2025-07-19,7,Sat,1,0,0,1,0,14.0143931316518,0,2.10215896974778,0.0336345435159644,0.9,0.4,0.2,0.9,1
201,2025-07-20,7,Sun,1,1,1,0,1,191.768378072508,178,28.7652567108762,0.46024410737402,0.9,0.4,0.2,0.9,1
202,2025-07-21,7,Mon,0,0,0,0,0,27.2414657417045,0,4.08621986125568,0.0653795177800908,0.9,0.4,0.2,0.9,1
203,2025-07-22,7,Tue,0,0,0,0,0,31.2880007156902,0,4.69320010735353,0.0750912017176565,0.9,0.4,0.2,0.9,1
204,2025-07-23,7,Wed,0,0,0,0,0,34.8517194227756,0,5.22775791341634,0.0836441266146615,0.9,0.4,0.2,0.9,1
205,2025-07-24,7,Thu,0,0,0,0,0,37.4015205951758,0,5.61022808927636,0.0897636494284218,0.9,0.4,0.2,0.9,1
206,2025-07-25,7,Fri,0,0,0,0,0,29.5770614936998,0,4.43655922405497,0.0709849475848796,0.9,0.4,0.2,0.9,1
207,2025-07-26,7,Sat,1,0,0,0,0,22.0705166916692,0,3.31057750375038,0.0529692400600061,0.9,0.4,0.2,0.9,1
208,2025-07-27,7,Sun,1,1,0,0,1,17.8587500749084,0,2.67881251123626,0.0428610001797802,0.9,0.4,0.2,0.9,1
209,2025-07-28,7,Mon,0,0,0,0,0,36.510784047271,0,5.47661760709065,0.0876258817134504,0.9,0.4,0.2,0.9,1
210,2025-07-29,7,Tue,0,0,0,0,0,35.7725148214921,0,5.36587722322381,0.085854035571581,0.9,0.4,0.2,0.9,1
211,2025-07-30,7,Wed,0,0,0,0,0,28.8815360863197,0,4.33223041294795,0.0693156866071672,0.9,0.4,0.2,0.9,1
212,2025-07-31,7,Thu,0,0,0,0,0,31.7481836266876,0,4.76222754400314,0.0761956407040502,0.9,0.4,0.2,0.9,1
213,2025-08-01,8,Fri,0,0,0,0,0,36.298169773999,0,5.44472546609985,0.0871156074575976,0.9,0.4,0.2,0.9,1
214,2025-08-02,8,Sat,1,0,0,1,0,27.2590015306383,0,4.08885022959574,0.0654216036735319,0.9,0.4,0.2,0.9,1
215,2025-08-03,8,Sun,1,1,1,0,1,111.229468260269,93,16.6844202390404,0.266950723824646,0.9,0.4,0.2,0.9,1
216,2025-08-04,8,Mon,0,0,0,0,0,33.4037652371725,0,5.01056478557587,0.0801690365692139,0.9,0.4,0.2,0.9,1
217,2025-08-05,8,Tue,0,0,0,0,0,33.9634027658183,0,5.09451041487275,0.081512166637964,0.9,0.4,0.2,0.9,1
218,2025-08-06,8,Wed,0,0,0,0,0,43.1433931141774,0,6.47150896712661,0.103544143474026,0.9,0.4,0.2,0.9,1
219,2025-08-07,8,Thu,0,0,0,0,0,39.4441402032883,0,5.91662103049325,0.094665936487892,0.9,0.4,0.2,0.9,1
220,2025-08-08,8,Fri,0,0,0,0,0,34.5264508044132,0,5.17896762066198,0.0828634819305916,0.9,0.4,0.2,0.9,1
221,2025-08-09,8,Sat,1,0,0,0,0,21.8338612627442,0,3.27507918941163,0.052401267030586,0.9,0.4,0.2,0.9,1
222,2025-08-10,8,Sun,1,1,0,0,1,12.9252707551753,0,1.9387906132763,0.0310206498124208,0.9,0.4,0.2,0.9,1
223,2025-08-11,8,Mon,0,0,0,0,0,36.4903552361146,0,5.4735532854172,0.0875768525666751,0.9,0.4,0.2,0.9,1
224,2025-08-12,8,Tue,0,0,0,0,0,31.1388229805994,0,4.67082344708991,0.0747331751534385,0.9,0.4,0.2,0.9,1
225,2025-08-13,8,Wed,0,0,0,0,0,33.8152621147628,0,5.07228931721442,0.0811566290754308,0.9,0.4,0.2,0.9,1
226,2025-08-14,8,Thu,0,0,0,0,0,41.3267361825364,0,6.19901042738046,0.0991841668380874,0.9,0.4,0.2,0.9,1
227,2025-08-15,8,Fri,0,0,0,0,0,36.2959402189464,0,5.44439103284196,0.0871102565254714,0.9,0.4,0.2,0.9,1
228,2025-08-16,8,Sat,1,0,0,0,0,20.7618062208808,0,3.11427093313212,0.049828334930114,0.9,0.4,0.2,0.9,1
229,2025-08-17,8,Sun,1,1,0,0,1,14.5655387541877,0,2.18483081312816,0.0349572930100505,0.9,0.4,0.2,0.9,1
230,2025-08-18,8,Mon,0,0,0,0,0,36.6675196176198,0,5.50012794264297,0.0880020470822876,0.9,0.4,0.2,0.9,1
231,2025-08-19,8,Tue,0,0,0,0,0,34.698131642964,0,5.2047197464446,0.0832755159431136,0.9,0.4,0.2,0.9,1
232,2025-08-20,8,Wed,0,0,0,0,0,40.7297451497983,0,6.10946177246975,0.097751388359516,0.9,0.4,0.2,0.9,1
233,2025-08-21,8,Thu,0,0,0,0,0,29.946187144559,0,4.49192807168385,0.0718708491469417,0.9,0.4,0.2,0.9,1
234,2025-08-22,8,Fri,0,0,0,0,0,37.5886962979552,0,5.63830444469327,0.0902128711150924,0.9,0.4,0.2,0.9,1
235,2025-08-23,8,Sat,1,0,0,1,0,23.8090612904351,0,3.57135919356526,0.0571417470970442,0.9,0.4,0.2,0.9,1
236,2025-08-24,8,Sun,1,1,1,0,1,202.723687211956,185,30.4085530817934,0.486536849308695,0.9,0.4,0.2,0.9,1
237,2025-08-25,8,Mon,0,0,0,0,0,33.650209446444,0,5.0475314169666,0.0807605026714656,0.9,0.4,0.2,0.9,1
238,2025-08-26,8,Tue,0,0,0,0,0,30.9347646928867,0,4.640214703933,0.074243435262928,0.9,0.4,0.2,0.9,1
239,2025-08-27,8,Wed,0,0,0,0,0,34.4515510234825,0,5.16773265352238,0.082683722456358,0.9,0.4,0.2,0.9,1
240,2025-08-28,8,Thu,0,0,0,0,0,34.0502896400039,0,5.10754344600059,0.0817206951360094,0.9,0.4,0.2,0.9,1
241,2025-08-29,8,Fri,0,0,0,0,0,37.0030887410787,0,5.5504633111618,0.0888074129785889,0.9,0.4,0.2,0.9,1
242,2025-08-30,8,Sat,1,0,0,0,0,21.3035142401163,0,3.19552713601744,0.0511284341762791,0.9,0.4,0.2,0.9,1
243,2025-08-31,8,Sun,1,1,0,0,1,21.7928524433945,0,3.26892786650917,0.0523028458641468,0.9,0.4,0.2,0.9,1
244,2025-09-01,9,Mon,0,0,0,0,0,37.8637602924627,0,5.6795640438694,0.0908730247019104,0.9,0.4,0.2,0.9,1
245,2025-09-02,9,Tue,0,0,0,0,0,38.5277274748866,0,5.77915912123299,0.0924665459397278,0.9,0.4,0.2,0.9,1
246,2025-09-03,9,Wed,0,0,0,0,0,37.4249055368103,0,5.61373583052155,0.0898197732883448,0.9,0.4,0.2,0.9,1
247,2025-09-04,9,Thu,0,0,0,0,0,36.827212201544,0,5.52408183023159,0.0883853092837055,0.9,0.4,0.2,0.9,1
248,2025-09-05,9,Fri,0,0,0,0,0,35.8718304130788,0,5.38077456196183,0.0860923929913892,0.9,0.4,0.2,0.9,1
249,2025-09-06,9,Sat,1,0,0,1,0,22.6495350590041,0,3.39743025885062,0.0543588841416098,0.9,0.4,0.2,0.9,1
250,2025-09-07,9,Sun,1,1,1,0,1,153.869948121195,136,23.0804922181793,0.369287875490868,0.9,0.4,0.2,0.9,1
251,2025-09-08,9,Mon,0,0,0,0,0,38.7290211828312,0,5.80935317742468,0.0929496508387949,0.9,0.4,0.2,0.9,1
252,2025-09-09,9,Tue,0,0,0,0,0,30.4260128161991,0,4.56390192242987,0.0730224307588779,0.9,0.4,0.2,0.9,1
253,2025-09-10,9,Wed,0,0,0,0,0,36.3863069165629,0,5.45794603748443,0.087327136599751,0.9,0.4,0.2,0.9,1
254,2025-09-11,9,Thu,0,0,0,0,0,34.14482016492,0,5.121723024738,0.081947568395808,0.9,0.4,0.2,0.9,1
255,2025-09-12,9,Fri,0,0,0,0,0,37.9650234959232,0,5.69475352438848,0.0911160563902157,0.9,0.4,0.2,0.9,1
256,2025-09-13,9,Sat,1,0,0,0,0,16.3797863601826,0,2.45696795402738,0.0393114872644381,0.9,0.4,0.2,0.9,1
257,2025-09-14,9,Sun,1,1,0,0,1,22.7564732794592,0,3.41347099191887,0.054615535870702,0.9,0.4,0.2,0.9,1
258,2025-09-15,9,Mon,0,0,0,0,0,38.6579303912535,0,5.79868955868803,0.0927790329390085,0.9,0.4,0.2,0.9,1
259,2025-09-16,9,Tue,0,0,0,0,0,43.1759527568118,0,6.47639291352176,0.103622286616348,0.9,0.4,0.2,0.9,1
260,2025-09-17,9,Wed,0,0,0,0,0,33.7304931486573,0,5.0595739722986,0.0809531835567776,0.9,0.4,0.2,0.9,1
261,2025-09-18,9,Thu,0,0,0,0,0,32.7710505712203,0,4.91565758568305,0.0786505213709288,0.9,0.4,0.2,0.9,1
262,2025-09-19,9,Fri,0,0,0,1,0,37.8987312608791,0,5.68480968913187,0.0909569550261099,0.9,0.4,0.2,0.9,1
263,2025-09-20,9,Sat,1,0,1,0,0,177.067690812736,156,26.5601536219104,0.424962457950566,0.9,0.4,0.2,0.9,1
264,2025-09-21,9,Sun,1,1,0,0,1,21.0364963046061,0,3.15547444569091,0.0504875911310545,0.9,0.4,0.2,0.9,1
265,2025-09-22,9,Mon,0,0,0,0,0,33.0679259213149,0,4.96018888819724,0.0793630222111558,0.9,0.4,0.2,0.9,1
266,2025-09-23,9,Tue,0,0,0,0,0,31.390489849353,0,4.70857347740295,0.0753371756384472,0.9,0.4,0.2,0.9,1
267,2025-09-24,9,Wed,0,0,0,0,0,37.327880388609,0,5.59918205829135,0.0895869129326616,0.9,0.4,0.2,0.9,1
268,2025-09-25,9,Thu,0,0,0,0,0,31.8911081514594,0,4.78366622271891,0.0765386595635025,0.9,0.4,0.2,0.9,1
269,2025-09-26,9,Fri,0,0,0,0,0,35.6744336144781,0,5.35116504217172,0.0856186406747474,0.9,0.4,0.2,0.9,1
270,2025-09-27,9,Sat,1,0,0,0,0,21.4533536490529,0,3.21800304735794,0.051488048757727,0.9,0.4,0.2,0.9,1
271,2025-09-28,9,Sun,1,1,0,0,1,20.093784913841,0,3.01406773707615,0.0482250837932185,0.9,0.4,0.2,0.9,1
272,2025-09-29,9,Mon,0,0,0,0,0,39.5349611681598,0,5.93024417522396,0.0948839068035834,0.9,0.4,0.2,0.9,1
273,2025-09-30,9,Tue,0,0,0,0,0,35.9860520719958,0,5.39790781079937,0.0863665249727899,0.9,0.4,0.2,0.9,1
274,2025-10-01,10,Wed,0,0,0,0,0,33.7147647114274,0,5.05721470671411,0.0809154353074258,0.9,0.4,0.2,0.9,1
275,2025-10-02,10,Thu,0,0,0,0,0,36.9583136172845,0,5.54374704259267,0.0886999526814827,0.9,0.4,0.2,0.9,1
276,2025-10-03,10,Fri,0,0,0,0,0,40.3057306637515,0,6.04585959956273,0.0967337535930036,0.9,0.4,0.2,0.9,1
277,2025-10-04,10,Sat,1,0,0,0,0,21.6858568303539,0,3.25287852455308,0.0520460563928493,0.9,0.4,0.2,0.9,1
278,2025-10-05,10,Sun,1,1,0,0,1,21.9932681620629,0,3.29899022430944,0.052783843588951,0.9,0.4,0.2,0.9,1
279,2025-10-06,10,Mon,0,0,0,0,0,34.8347080310998,0,5.22520620466497,0.0836032992746396,0.9,0.4,0.2,0.9,1
280,2025-10-07,10,Tue,0,0,0,0,0,31.8381785816923,0,4.77572678725385,0.0764116285960616,0.9,0.4,0.2,0.9,1
281,2025-10-08,10,Wed,0,0,0,0,0,41.2676703132175,0,6.19015054698263,0.099042408751722,0.9,0.4,0.2,0.9,1
282,2025-10-09,10,Thu,0,0,0,0,0,37.6845550878379,0,5.65268326317568,0.0904429322108109,0.9,0.4,0.2,0.9,1
283,2025-10-10,10,Fri,0,0,0,0,0,40.2563759508088,0,6.03845639262132,0.0966153022819411,0.9,0.4,0.2,0.9,1
284,2025-10-11,10,Sat,1,0,0,0,0,16.5227609947379,0,2.47841414921069,0.039654626387371,0.9,0.4,0.2,0.9,1
285,2025-10-12,10,Sun,1,1,0,0,1,20.660046060619,0,3.09900690909284,0.0495841105454855,0.9,0.4,0.2,0.9,1
286,2025-10-13,10,Mon,0,0,0,0,0,33.6056828117703,0,5.04085242176554,0.0806536387482487,0.9,0.4,0.2,0.9,1
287,2025-10-14,10,Tue,0,0,0,0,0,29.705361325199,0,4.45580419877984,0.0712928671804775,0.9,0.4,0.2,0.9,1
288,2025-10-15,10,Wed,0,0,0,0,0,38.8240350616875,0,5.82360525925312,0.0931776841480499,0.9,0.4,0.2,0.9,1
289,2025-10-16,10,Thu,0,0,0,0,0,28.7666697275516,0,4.31500045913274,0.0690400073461239,0.9,0.4,0.2,0.9,1
290,2025-10-17,10,Fri,0,0,0,0,0,30.2592834194784,0,4.53889251292176,0.0726222802067481,0.9,0.4,0.2,0.9,1
291,2025-10-18,10,Sat,1,0,0,1,0,20.7867160123325,0,3.11800740184987,0.049888118429598,0.9,0.4,0.2,0.9,1
292,2025-10-19,10,Sun,1,1,1,0,1,151.762951247826,137,22.7644426871738,0.364231082994781,0.9,0.4,0.2,0.9,1
293,2025-10-20,10,Mon,0,0,0,0,0,33.4577414362288,0,5.01866121543432,0.0802985794469492,0.9,0.4,0.2,0.9,1
294,2025-10-21,10,Tue,0,0,0,0,0,34.5319654754045,0,5.17979482131067,0.0828767171409708,0.9,0.4,0.2,0.9,1
295,2025-10-22,10,Wed,0,0,0,0,0,36.7538666306088,0,5.51307999459132,0.0882092799134611,0.9,0.4,0.2,0.9,1
296,2025-10-23,10,Thu,0,0,0,0,0,37.7969024025671,0,5.66953536038506,0.090712565766161,0.9,0.4,0.2,0.9,1
297,2025-10-24,10,Fri,0,0,0,1,0,33.7785430798487,0,5.06678146197731,0.0810685033916369,0.9,0.4,0.2,0.9,1
298,2025-10-25,10,Sat,1,0,1,0,0,148.103047160486,128,22.2154570740729,0.355447313185166,0.9,0.4,0.2,0.9,1
299,2025-10-26,10,Sun,1,1,0,0,1,14.6791870830275,0,2.20187806245412,0.035230048999266,0.9,0.4,0.2,0.9,1
300,2025-10-27,10,Mon,0,0,0,0,0,43.7791758530665,0,6.56687637795997,0.105070022047359,0.9,0.4,0.2,0.9,1
301,2025-10-28,10,Tue,0,0,0,0,0,28.766827117935,0,4.31502406769025,0.0690403850830441,0.9,0.4,0.2,0.9,1
302,2025-10-29,10,Wed,0,0,0,0,0,37.0023936138102,0,5.55035904207154,0.0888057446731446,0.9,0.4,0.2,0.9,1
303,2025-10-30,10,Thu,0,0,0,0,0,33.1829360425962,0,4.97744040638943,0.0796390465022308,0.9,0.4,0.2,0.9,1
304,2025-10-31,10,Fri,0,0,0,0,0,36.2751401116586,0,5.4412710167488,0.0870603362679808,0.9,0.4,0.2,0.9,1
305,2025-11-01,11,Sat,1,0,0,1,0,17.8956968761072,0,2.68435453141608,0.0429496725026572,0.9,0.4,0.2,0.9,1
306,2025-11-02,11,Sun,1,1,1,0,1,193.860570863059,169,29.0790856294589,0.465265370071342,0.9,0.4,0.2,0.9,1
307,2025-11-03,11,Mon,0,0,0,0,0,34.3801599962597,0,5.15702399943895,0.0825123839910232,0.9,0.4,0.2,0.9,1
308,2025-11-04,11,Tue,0,0,0,0,0,32.4793457871377,0,4.87190186807065,0.0779504298891304,0.9,0.4,0.2,0.9,1
309,2025-11-05,11,Wed,0,0,0,0,0,40.1327618322721,0,6.01991427484081,0.0963186283974529,0.9,0.4,0.2,0.9,1
310,2025-11-06,11,Thu,0,0,0,0,0,38.2337409888349,0,5.73506114832524,0.0917609783732039,0.9,0.4,0.2,0.9,1
311,2025-11-07,11,Fri,0,0,0,0,0,35.9267504156055,0,5.38901256234082,0.0862242009974531,0.9,0.4,0.2,0.9,1
312,2025-11-08,11,Sat,1,0,0,0,0,20.4591615567736,0,3.06887423351603,0.0491019877362565,0.9,0.4,0.2,0.9,1
313,2025-11-09,11,Sun,1,1,0,0,1,19.5297130824421,0,2.92945696236631,0.0468713113978609,0.9,0.4,0.2,0.9,1
314,2025-11-10,11,Mon,0,0,0,0,0,35.1589285289023,0,5.27383927933534,0.0843814284693655,0.9,0.4,0.2,0.9,1
315,2025-11-11,11,Tue,0,0,0,0,0,36.6544911065447,0,5.49817366598171,0.0879707786557073,0.9,0.4,0.2,0.9,1
316,2025-11-12,11,Wed,0,0,0,0,0,36.6984648709104,0,5.50476973063656,0.088076315690185,0.9,0.4,0.2,0.9,1
317,2025-11-13,11,Thu,0,0,0,0,0,33.512915679056,0,5.0269373518584,0.0804309976297344,0.9,0.4,0.2,0.9,1
318,2025-11-14,11,Fri,0,0,0,1,0,32.8245565641355,0,4.92368348462033,0.0787789357539253,0.9,0.4,0.2,0.9,1
319,2025-11-15,11,Sat,1,0,1,0,0,114.185510650173,94,17.1278265975259,0.274045225560415,0.9,0.4,0.2,0.9,1
320,2025-11-16,11,Sun,1,1,0,0,1,17.9055185396764,0,2.68582778095146,0.0429732444952234,0.9,0.4,0.2,0.9,1
321,2025-11-17,11,Mon,0,0,0,0,0,38.1182159957143,0,5.71773239935714,0.0914837183897142,0.9,0.4,0.2,0.9,1
322,2025-11-18,11,Tue,0,0,0,0,0,32.6604421486272,0,4.89906632229408,0.0783850611567052,0.9,0.4,0.2,0.9,1
323,2025-11-19,11,Wed,0,0,0,0,0,37.3419083009856,0,5.60128624514783,0.0896205799223654,0.9,0.4,0.2,0.9,1
324,2025-11-20,11,Thu,0,0,0,0,0,38.4295196502955,0,5.76442794754432,0.0922308471607092,0.9,0.4,0.2,0.9,1
325,2025-11-21,11,Fri,0,0,0,0,0,32.9406910964838,0,4.94110366447258,0.0790576586315612,0.9,0.4,0.2,0.9,1
326,2025-11-22,11,Sat,1,0,0,0,0,18.6898513700654,0,2.8034777055098,0.0448556432881569,0.9,0.4,0.2,0.9,1
327,2025-11-23,11,Sun,1,1,0,0,1,23.9362902369281,0,3.59044353553922,0.0574470965686275,0.9,0.4,0.2,0.9,1
328,2025-11-24,11,Mon,0,0,0,0,0,34.1235843867531,0,5.11853765801296,0.0818966025282074,0.9,0.4,0.2,0.9,1
329,2025-11-25,11,Tue,0,0,0,0,0,44.2190540649317,0,6.63285810973975,0.106125729755836,0.9,0.4,0.2,0.9,1
330,2025-11-26,11,Wed,0,0,0,0,0,36.2760092304062,0,5.44140138456093,0.0870624221529748,0.9,0.4,0.2,0.9,1
331,2025-11-27,11,Thu,0,0,0,0,0,41.1053357954812,0,6.16580036932218,0.0986528059091549,0.9,0.4,0.2,0.9,1
332,2025-11-28,11,Fri,0,0,0,0,0,36.442669120558,0,5.46640036808371,0.0874624058893393,0.9,0.4,0.2,0.9,1
333,2025-11-29,11,Sat,1,0,0,0,0,21.2450523737589,0,3.18675785606384,0.0509881256970214,0.9,0.4,0.2,0.9,1
334,2025-11-30,11,Sun,1,1,0,0,1,18.3255238342072,0,2.74882857513108,0.0439812572020973,0.9,0.4,0.2,0.9,1
335,2025-12-01,12,Mon,0,0,0,0,0,39.3702332148128,0,5.90553498222192,0.0944885597155508,0.9,0.4,0.2,0.9,1
336,2025-12-02,12,Tue,0,0,0,0,0,36.388798080023,0,5.45831971200346,0.0873331153920553,0.9,0.4,0.2,0.9,1
337,2025-12-03,12,Wed,0,0,0,0,0,32.7392237158483,0,4.91088355737724,0.0785741369180358,0.9,0.4,0.2,0.9,1
338,2025-12-04,12,Thu,0,0,0,0,0,36.8498803310715,0,5.52748204966073,0.0884397127945717,0.9,0.4,0.2,0.9,1
339,2025-12-05,12,Fri,0,0,0,1,0,33.921373118894,0,5.08820596783411,0.0814112954853457,0.9,0.4,0.2,0.9,1
340,2025-12-06,12,Sat,1,0,1,0,0,173.483322822865,148,26.0224984234297,0.416359974774876,0.9,0.4,0.2,0.9,1
341,2025-12-07,12,Sun,1,1,0,0,1,17.3204824643952,0,2.59807236965929,0.0415691579145486,0.9,0.4,0.2,0.9,1
342,2025-12-08,12,Mon,0,0,0,0,0,29.4537941404735,0,4.41806912107103,0.0706891059371365,0.9,0.4,0.2,0.9,1
343,2025-12-09,12,Tue,0,0,0,0,0,34.3819837350046,0,5.15729756025069,0.082516760964011,0.9,0.4,0.2,0.9,1
344,2025-12-10,12,Wed,0,0,0,0,0,35.4171026142679,0,5.31256539214018,0.0850010462742429,0.9,0.4,0.2,0.9,1
345,2025-12-11,12,Thu,0,0,0,0,0,32.9844802251411,0,4.94767203377117,0.0791627525403387,0.9,0.4,0.2,0.9,1
346,2025-12-12,12,Fri,0,0,0,0,0,25.0305316881009,0,3.75457975321513,0.0600732760514421,0.9,0.4,0.2,0.9,1
347,2025-12-13,12,Sat,1,0,0,1,0,22.6866731403436,0,3.40300097105154,0.0544480155368246,0.9,0.4,0.2,0.9,1
348,2025-12-14,12,Sun,1,1,1,0,1,213.01800609958,189,31.9527009149369,0.511243214638991,0.9,0.4,0.2,0.9,1
349,2025-12-15,12,Mon,0,0,0,0,0,39.433321553101,0,5.91499823296514,0.0946399717274423,0.9,0.4,0.2,0.9,1
350,2025-12-16,12,Tue,0,0,0,0,0,37.9891406256544,0,5.69837109384816,0.0911739375015705,0.9,0.4,0.2,0.9,1
351,2025-12-17,12,Wed,0,0,0,0,0,31.7218601146685,0,4.75827901720027,0.0761324642752043,0.9,0.4,0.2,0.9,1
352,2025-12-18,12,Thu,0,0,0,0,0,39.0977925479039,0,5.86466888218559,0.0938347021149694,0.9,0.4,0.2,0.9,1
353,2025-12-19,12,Fri,0,0,0,0,0,33.5993432052846,0,5.03990148079269,0.080638423692683,0.9,0.4,0.2,0.9,1
354,2025-12-20,12,Sat,1,0,0,0,0,23.2860005017909,0,3.49290007526864,0.0558864012042983,0.9,0.4,0.2,0.9,1
355,2025-12-21,12,Sun,1,1,0,0,1,18.7524653051439,0,2.81286979577159,0.0450059167323454,0.9,0.4,0.2,0.9,1
356,2025-12-22,12,Mon,0,0,0,0,0,35.9792170746593,0,5.39688256119889,0.0863501209791823,0.9,0.4,0.2,0.9,1
357,2025-12-23,12,Tue,0,0,0,0,0,36.5622482314101,0,5.48433723471151,0.0877493957553842,0.9,0.4,0.2,0.9,1
358,2025-12-24,12,Wed,0,0,0,0,0,35.2453166792994,0,5.28679750189491,0.0845887600303186,0.9,0.4,0.2,0.9,1
359,2025-12-25,12,Thu,0,0,0,0,0,32.0556063974842,0,4.80834095962264,0.0769334553539622,0.9,0.4,0.2,0.9,1
360,2025-12-26,12,Fri,0,0,0,0,0,40.6627172308473,0,6.09940758462709,0.0975905213540335,0.9,0.4,0.2,0.9,1
361,2025-12-27,12,Sat,1,0,0,0,0,20.468943356255,0,3.07034150343825,0.0491254640550119,0.9,0.4,0.2,0.9,1
362,2025-12-28,12,Sun,1,1,0,0,1,17.3009928762131,0,2.59514893143197,0.0415223829029115,0.9,0.4,0.2,0.9,1
363,2025-12-29,12,Mon,0,0,0,0,0,36.9338244724994,0,5.5400736708749,0.0886411787339985,0.9,0.4,0.2,0.9,1
364,2025-12-30,12,Tue,0,0,0,0,0,40.6111253103147,0,6.09166879654721,0.0974667007447554,0.9,0.4,0.2,0.9,1
365,2025-12-31,12,Wed,0,0,0,0,0,39.8277509069153,0,5.9741626360373,0.0955866021765968,0.9,0.4,0.2,0.9,1
